fold,n,selected_epoch,selected_inner_loss,accuracy,balanced_accuracy,macro_precision,macro_recall,macro_f1,macro_auc,balanced_accuracy_present_classes
1,9,56,0.18860670924186707,1.0,1.0,1.0,1.0,1.0,1.0,1.0
2,8,24,0.06808622926473618,1.0,1.0,1.0,1.0,1.0,1.0,1.0
3,8,60,0.3307381868362427,0.75,0.8055555555555555,0.8055555555555555,0.8055555555555555,0.8055555555555555,0.9569444444444445,0.8055555555555555
4,8,61,0.0644640177488327,1.0,1.0,1.0,1.0,1.0,1.0,1.0
5,8,71,0.5790585279464722,0.875,0.6666666666666666,0.5833333333333334,0.6666666666666666,0.6190476190476191,0.8126984126984128,0.6666666666666666
6,8,37,0.2137128859758377,1.0,1.0,1.0,1.0,1.0,1.0,1.0
7,8,26,0.17009654641151428,1.0,1.0,1.0,1.0,1.0,1.0,1.0
8,8,61,0.11306408792734146,1.0,1.0,1.0,1.0,1.0,1.0,1.0
9,8,55,0.20183365046977997,0.875,0.9333333333333332,0.8888888888888888,0.9333333333333332,0.8962962962962964,0.9722222222222223,0.9333333333333332
10,8,82,0.06805971264839172,0.75,,,,,,0.6666666666666666
