model,stage,support,correct,accuracy_recall,one_vs_rest_accuracy,precision,recall,f1,auc,TP,FN,FP,TN
GEL,IV,9,8,0.8888888888888888,0.9876543209876543,1.0,0.8888888888888888,0.9411764705882353,0.9290123456790124,8,1,0,72
GEL,V,27,26,0.9629629629629629,0.9629629629629629,0.9285714285714286,0.9629629629629629,0.9454545454545454,0.9897119341563787,26,1,2,52
GEL,VI,45,44,0.9777777777777777,0.9753086419753086,0.9777777777777777,0.9777777777777777,0.9777777777777777,0.9993827160493827,44,1,1,35
GEL-without-attention,IV,9,8,0.8888888888888888,0.9876543209876543,1.0,0.8888888888888888,0.9411764705882353,0.9861111111111112,8,1,0,72
GEL-without-attention,V,27,26,0.9629629629629629,0.9506172839506173,0.896551724137931,0.9629629629629629,0.9285714285714286,0.96159122085048,26,1,3,51
GEL-without-attention,VI,45,43,0.9555555555555556,0.9629629629629629,0.9772727272727273,0.9555555555555556,0.9662921348314608,0.9722222222222222,43,2,1,35
GEL-without-residual,IV,9,8,0.8888888888888888,0.9876543209876543,1.0,0.8888888888888888,0.9411764705882353,0.9490740740740742,8,1,0,72
GEL-without-residual,V,27,25,0.9259259259259259,0.9382716049382716,0.8928571428571429,0.9259259259259259,0.9090909090909091,0.98079561042524,25,2,3,51
GEL-without-residual,VI,45,43,0.9555555555555556,0.9506172839506173,0.9555555555555556,0.9555555555555556,0.9555555555555556,0.987037037037037,43,2,2,34
GRU,IV,9,8,0.8888888888888888,0.9876543209876543,1.0,0.8888888888888888,0.9411764705882353,0.9506172839506173,8,1,0,72
GRU,V,27,24,0.8888888888888888,0.9259259259259259,0.8888888888888888,0.8888888888888888,0.8888888888888888,0.9821673525377229,24,3,3,51
GRU,VI,45,43,0.9555555555555556,0.9382716049382716,0.9347826086956522,0.9555555555555556,0.945054945054945,0.9962962962962962,43,2,3,33
LSTM,IV,9,8,0.8888888888888888,0.9629629629629629,0.8,0.8888888888888888,0.8421052631578948,0.9675925925925926,8,1,2,70
LSTM,V,27,23,0.8518518518518519,0.9135802469135802,0.8846153846153846,0.8518518518518519,0.8679245283018868,0.9506172839506173,23,4,3,51
LSTM,VI,45,43,0.9555555555555556,0.9506172839506173,0.9555555555555556,0.9555555555555556,0.9555555555555556,0.9901234567901235,43,2,2,34
MSCNN-LSTM,IV,9,7,0.7777777777777778,0.9753086419753086,1.0,0.7777777777777778,0.8750000000000001,0.9938271604938271,7,2,0,72
MSCNN-LSTM,V,27,26,0.9629629629629629,0.9382716049382716,0.8666666666666667,0.9629629629629629,0.912280701754386,0.9842249657064471,26,1,4,50
MSCNN-LSTM,VI,45,43,0.9555555555555556,0.9629629629629629,0.9772727272727273,0.9555555555555556,0.9662921348314608,0.9950617283950617,43,2,1,35
CNN-LSTM,IV,9,7,0.7777777777777778,0.9506172839506173,0.7777777777777778,0.7777777777777778,0.7777777777777778,0.9768518518518519,7,2,2,70
CNN-LSTM,V,27,23,0.8518518518518519,0.8641975308641975,0.7666666666666667,0.8518518518518519,0.8070175438596491,0.9725651577503429,23,4,7,47
CNN-LSTM,VI,45,40,0.8888888888888888,0.9135802469135802,0.9523809523809523,0.8888888888888888,0.9195402298850575,0.9679012345679012,40,5,2,34
Transformer,IV,9,6,0.6666666666666666,0.9506172839506173,0.8571428571428571,0.6666666666666666,0.75,0.9444444444444444,6,3,1,71
Transformer,V,27,22,0.8148148148148148,0.8888888888888888,0.8461538461538461,0.8148148148148148,0.830188679245283,0.9465020576131687,22,5,4,50
Transformer,VI,45,43,0.9555555555555556,0.9135802469135802,0.8958333333333334,0.9555555555555556,0.924731182795699,0.9858024691358025,43,2,5,31
