model,fold,stage,support,correct,class_accuracy_recall,accuracy,balanced_accuracy,precision,recall,f1,auc,TP,FN,FP,TN
GEL,1,IV,1,1,1.0,1.0,1.0,1.0,1.0,1.0,1.0,1,0,0,8
GEL,1,V,3,3,1.0,1.0,1.0,1.0,1.0,1.0,1.0,3,0,0,6
GEL,1,VI,5,5,1.0,1.0,1.0,1.0,1.0,1.0,1.0,5,0,0,4
GEL,2,IV,1,1,1.0,1.0,1.0,1.0,1.0,1.0,1.0,1,0,0,7
GEL,2,V,3,3,1.0,1.0,1.0,1.0,1.0,1.0,1.0,3,0,0,5
GEL,2,VI,4,4,1.0,1.0,1.0,1.0,1.0,1.0,1.0,4,0,0,4
GEL,3,IV,1,1,1.0,1.0,1.0,1.0,1.0,1.0,1.0,1,0,0,7
GEL,3,V,3,3,1.0,1.0,1.0,1.0,1.0,1.0,1.0,3,0,0,5
GEL,3,VI,4,4,1.0,1.0,1.0,1.0,1.0,1.0,1.0,4,0,0,4
GEL,4,IV,1,1,1.0,1.0,1.0,1.0,1.0,1.0,1.0,1,0,0,7
GEL,4,V,3,3,1.0,1.0,1.0,1.0,1.0,1.0,1.0,3,0,0,5
GEL,4,VI,4,4,1.0,1.0,1.0,1.0,1.0,1.0,1.0,4,0,0,4
GEL,5,IV,1,0,0.0,0.875,0.5,0.0,0.0,0.0,0.2857142857142857,0,1,0,7
GEL,5,V,3,3,1.0,0.875,0.9,0.75,1.0,0.8571428571428571,0.9333333333333332,3,0,1,4
GEL,5,VI,4,4,1.0,1.0,1.0,1.0,1.0,1.0,1.0,4,0,0,4
GEL,6,IV,1,1,1.0,1.0,1.0,1.0,1.0,1.0,1.0,1,0,0,7
GEL,6,V,3,3,1.0,1.0,1.0,1.0,1.0,1.0,1.0,3,0,0,5
GEL,6,VI,4,4,1.0,1.0,1.0,1.0,1.0,1.0,1.0,4,0,0,4
GEL,7,IV,1,1,1.0,1.0,1.0,1.0,1.0,1.0,1.0,1,0,0,7
GEL,7,V,2,2,1.0,1.0,1.0,1.0,1.0,1.0,1.0,2,0,0,6
GEL,7,VI,5,5,1.0,1.0,1.0,1.0,1.0,1.0,1.0,5,0,0,3
GEL,8,IV,1,1,1.0,1.0,1.0,1.0,1.0,1.0,1.0,1,0,0,7
GEL,8,V,2,2,1.0,1.0,1.0,1.0,1.0,1.0,1.0,2,0,0,6
GEL,8,VI,5,5,1.0,1.0,1.0,1.0,1.0,1.0,1.0,5,0,0,3
GEL,9,IV,1,1,1.0,1.0,1.0,1.0,1.0,1.0,1.0,1,0,0,7
GEL,9,V,2,2,1.0,0.875,0.9166666666666669,0.6666666666666666,1.0,0.8,1.0,2,0,1,5
GEL,9,VI,5,4,0.8,0.875,0.9,1.0,0.8,0.8888888888888888,1.0,4,1,0,3
GEL,10,IV,0,0,,1.0,,,,,,0,0,0,8
GEL,10,V,3,2,0.6666666666666666,0.875,0.8333333333333333,1.0,0.6666666666666666,0.8,1.0,2,1,0,5
GEL,10,VI,5,5,1.0,0.875,0.8333333333333333,0.8333333333333334,1.0,0.9090909090909092,1.0,5,0,1,2
GEL-without-attention,1,IV,1,1,1.0,1.0,1.0,1.0,1.0,1.0,1.0,1,0,0,8
GEL-without-attention,1,V,3,3,1.0,1.0,1.0,1.0,1.0,1.0,1.0,3,0,0,6
GEL-without-attention,1,VI,5,5,1.0,1.0,1.0,1.0,1.0,1.0,1.0,5,0,0,4
GEL-without-attention,2,IV,1,1,1.0,1.0,1.0,1.0,1.0,1.0,1.0,1,0,0,7
GEL-without-attention,2,V,3,3,1.0,1.0,1.0,1.0,1.0,1.0,1.0,3,0,0,5
GEL-without-attention,2,VI,4,4,1.0,1.0,1.0,1.0,1.0,1.0,1.0,4,0,0,4
GEL-without-attention,3,IV,1,1,1.0,1.0,1.0,1.0,1.0,1.0,1.0,1,0,0,7
GEL-without-attention,3,V,3,3,1.0,0.875,0.9,0.75,1.0,0.8571428571428571,0.9333333333333332,3,0,1,4
GEL-without-attention,3,VI,4,3,0.75,0.875,0.875,1.0,0.75,0.8571428571428571,0.9375,3,1,0,4
GEL-without-attention,4,IV,1,1,1.0,1.0,1.0,1.0,1.0,1.0,1.0,1,0,0,7
GEL-without-attention,4,V,3,3,1.0,1.0,1.0,1.0,1.0,1.0,1.0,3,0,0,5
GEL-without-attention,4,VI,4,4,1.0,1.0,1.0,1.0,1.0,1.0,1.0,4,0,0,4
GEL-without-attention,5,IV,1,0,0.0,0.875,0.5,0.0,0.0,0.0,0.5714285714285714,0,1,0,7
GEL-without-attention,5,V,3,3,1.0,0.875,0.9,0.75,1.0,0.8571428571428571,0.8666666666666667,3,0,1,4
GEL-without-attention,5,VI,4,4,1.0,1.0,1.0,1.0,1.0,1.0,1.0,4,0,0,4
GEL-without-attention,6,IV,1,1,1.0,1.0,1.0,1.0,1.0,1.0,1.0,1,0,0,7
GEL-without-attention,6,V,3,3,1.0,1.0,1.0,1.0,1.0,1.0,1.0,3,0,0,5
GEL-without-attention,6,VI,4,4,1.0,1.0,1.0,1.0,1.0,1.0,1.0,4,0,0,4
GEL-without-attention,7,IV,1,1,1.0,1.0,1.0,1.0,1.0,1.0,1.0,1,0,0,7
GEL-without-attention,7,V,2,2,1.0,1.0,1.0,1.0,1.0,1.0,1.0,2,0,0,6
GEL-without-attention,7,VI,5,5,1.0,1.0,1.0,1.0,1.0,1.0,1.0,5,0,0,3
GEL-without-attention,8,IV,1,1,1.0,1.0,1.0,1.0,1.0,1.0,1.0,1,0,0,7
GEL-without-attention,8,V,2,2,1.0,1.0,1.0,1.0,1.0,1.0,1.0,2,0,0,6
GEL-without-attention,8,VI,5,5,1.0,1.0,1.0,1.0,1.0,1.0,1.0,5,0,0,3
GEL-without-attention,9,IV,1,1,1.0,1.0,1.0,1.0,1.0,1.0,1.0,1,0,0,7
GEL-without-attention,9,V,2,2,1.0,0.875,0.9166666666666669,0.6666666666666666,1.0,0.8,0.9166666666666669,2,0,1,5
GEL-without-attention,9,VI,5,4,0.8,0.875,0.9,1.0,0.8,0.8888888888888888,1.0,4,1,0,3
GEL-without-attention,10,IV,0,0,,1.0,,,,,,0,0,0,8
GEL-without-attention,10,V,3,2,0.6666666666666666,0.875,0.8333333333333333,1.0,0.6666666666666666,0.8,0.6666666666666666,2,1,0,5
GEL-without-attention,10,VI,5,5,1.0,0.875,0.8333333333333333,0.8333333333333334,1.0,0.9090909090909092,0.6666666666666667,5,0,1,2
GEL-without-residual,1,IV,1,1,1.0,1.0,1.0,1.0,1.0,1.0,1.0,1,0,0,8
GEL-without-residual,1,V,3,3,1.0,1.0,1.0,1.0,1.0,1.0,1.0,3,0,0,6
GEL-without-residual,1,VI,5,5,1.0,1.0,1.0,1.0,1.0,1.0,1.0,5,0,0,4
GEL-without-residual,2,IV,1,1,1.0,1.0,1.0,1.0,1.0,1.0,1.0,1,0,0,7
GEL-without-residual,2,V,3,2,0.6666666666666666,0.875,0.8333333333333333,1.0,0.6666666666666666,0.8,1.0,2,1,0,5
GEL-without-residual,2,VI,4,4,1.0,0.875,0.875,0.8,1.0,0.8888888888888888,1.0,4,0,1,3
GEL-without-residual,3,IV,1,1,1.0,1.0,1.0,1.0,1.0,1.0,1.0,1,0,0,7
GEL-without-residual,3,V,3,3,1.0,1.0,1.0,1.0,1.0,1.0,1.0,3,0,0,5
GEL-without-residual,3,VI,4,4,1.0,1.0,1.0,1.0,1.0,1.0,1.0,4,0,0,4
GEL-without-residual,4,IV,1,1,1.0,1.0,1.0,1.0,1.0,1.0,1.0,1,0,0,7
GEL-without-residual,4,V,3,3,1.0,1.0,1.0,1.0,1.0,1.0,1.0,3,0,0,5
GEL-without-residual,4,VI,4,4,1.0,1.0,1.0,1.0,1.0,1.0,1.0,4,0,0,4
GEL-without-residual,5,IV,1,0,0.0,0.875,0.5,0.0,0.0,0.0,0.7142857142857143,0,1,0,7
GEL-without-residual,5,V,3,3,1.0,0.875,0.9,0.75,1.0,0.8571428571428571,0.9333333333333332,3,0,1,4
GEL-without-residual,5,VI,4,4,1.0,1.0,1.0,1.0,1.0,1.0,1.0,4,0,0,4
GEL-without-residual,6,IV,1,1,1.0,1.0,1.0,1.0,1.0,1.0,1.0,1,0,0,7
GEL-without-residual,6,V,3,3,1.0,0.875,0.9,0.75,1.0,0.8571428571428571,1.0,3,0,1,4
GEL-without-residual,6,VI,4,3,0.75,0.875,0.875,1.0,0.75,0.8571428571428571,1.0,3,1,0,4
GEL-without-residual,7,IV,1,1,1.0,1.0,1.0,1.0,1.0,1.0,1.0,1,0,0,7
GEL-without-residual,7,V,2,2,1.0,1.0,1.0,1.0,1.0,1.0,1.0,2,0,0,6
GEL-without-residual,7,VI,5,5,1.0,1.0,1.0,1.0,1.0,1.0,1.0,5,0,0,3
GEL-without-residual,8,IV,1,1,1.0,1.0,1.0,1.0,1.0,1.0,1.0,1,0,0,7
GEL-without-residual,8,V,2,2,1.0,1.0,1.0,1.0,1.0,1.0,1.0,2,0,0,6
GEL-without-residual,8,VI,5,5,1.0,1.0,1.0,1.0,1.0,1.0,1.0,5,0,0,3
GEL-without-residual,9,IV,1,1,1.0,1.0,1.0,1.0,1.0,1.0,1.0,1,0,0,7
GEL-without-residual,9,V,2,2,1.0,0.875,0.9166666666666669,0.6666666666666666,1.0,0.8,1.0,2,0,1,5
GEL-without-residual,9,VI,5,4,0.8,0.875,0.9,1.0,0.8,0.8888888888888888,1.0,4,1,0,3
GEL-without-residual,10,IV,0,0,,1.0,,,,,,0,0,0,8
GEL-without-residual,10,V,3,2,0.6666666666666666,0.875,0.8333333333333333,1.0,0.6666666666666666,0.8,1.0,2,1,0,5
GEL-without-residual,10,VI,5,5,1.0,0.875,0.8333333333333333,0.8333333333333334,1.0,0.9090909090909092,1.0,5,0,1,2
GRU,1,IV,1,1,1.0,1.0,1.0,1.0,1.0,1.0,1.0,1,0,0,8
GRU,1,V,3,3,1.0,1.0,1.0,1.0,1.0,1.0,1.0,3,0,0,6
GRU,1,VI,5,5,1.0,1.0,1.0,1.0,1.0,1.0,1.0,5,0,0,4
GRU,2,IV,1,1,1.0,1.0,1.0,1.0,1.0,1.0,1.0,1,0,0,7
GRU,2,V,3,3,1.0,1.0,1.0,1.0,1.0,1.0,1.0,3,0,0,5
GRU,2,VI,4,4,1.0,1.0,1.0,1.0,1.0,1.0,1.0,4,0,0,4
GRU,3,IV,1,1,1.0,1.0,1.0,1.0,1.0,1.0,1.0,1,0,0,7
GRU,3,V,3,2,0.6666666666666666,0.75,0.7333333333333334,0.6666666666666666,0.6666666666666666,0.6666666666666666,0.9333333333333332,2,1,1,4
GRU,3,VI,4,3,0.75,0.75,0.75,0.75,0.75,0.75,0.9375,3,1,1,3
GRU,4,IV,1,1,1.0,1.0,1.0,1.0,1.0,1.0,1.0,1,0,0,7
GRU,4,V,3,3,1.0,1.0,1.0,1.0,1.0,1.0,1.0,3,0,0,5
GRU,4,VI,4,4,1.0,1.0,1.0,1.0,1.0,1.0,1.0,4,0,0,4
GRU,5,IV,1,0,0.0,0.875,0.5,0.0,0.0,0.0,0.5714285714285714,0,1,0,7
GRU,5,V,3,3,1.0,0.875,0.9,0.75,1.0,0.8571428571428571,0.8666666666666667,3,0,1,4
GRU,5,VI,4,4,1.0,1.0,1.0,1.0,1.0,1.0,1.0,4,0,0,4
GRU,6,IV,1,1,1.0,1.0,1.0,1.0,1.0,1.0,1.0,1,0,0,7
GRU,6,V,3,3,1.0,1.0,1.0,1.0,1.0,1.0,1.0,3,0,0,5
GRU,6,VI,4,4,1.0,1.0,1.0,1.0,1.0,1.0,1.0,4,0,0,4
GRU,7,IV,1,1,1.0,1.0,1.0,1.0,1.0,1.0,1.0,1,0,0,7
GRU,7,V,2,2,1.0,1.0,1.0,1.0,1.0,1.0,1.0,2,0,0,6
GRU,7,VI,5,5,1.0,1.0,1.0,1.0,1.0,1.0,1.0,5,0,0,3
GRU,8,IV,1,1,1.0,1.0,1.0,1.0,1.0,1.0,1.0,1,0,0,7
GRU,8,V,2,2,1.0,1.0,1.0,1.0,1.0,1.0,1.0,2,0,0,6
GRU,8,VI,5,5,1.0,1.0,1.0,1.0,1.0,1.0,1.0,5,0,0,3
GRU,9,IV,1,1,1.0,1.0,1.0,1.0,1.0,1.0,1.0,1,0,0,7
GRU,9,V,2,2,1.0,0.875,0.9166666666666669,0.6666666666666666,1.0,0.8,0.9166666666666669,2,0,1,5
GRU,9,VI,5,4,0.8,0.875,0.9,1.0,0.8,0.8888888888888888,1.0,4,1,0,3
GRU,10,IV,0,0,,1.0,,,,,,0,0,0,8
GRU,10,V,3,1,0.3333333333333333,0.75,0.6666666666666666,1.0,0.3333333333333333,0.5,1.0,1,2,0,5
GRU,10,VI,5,5,1.0,0.75,0.6666666666666666,0.7142857142857143,1.0,0.8333333333333334,1.0,5,0,2,1
LSTM,1,IV,1,1,1.0,1.0,1.0,1.0,1.0,1.0,1.0,1,0,0,8
LSTM,1,V,3,3,1.0,1.0,1.0,1.0,1.0,1.0,1.0,3,0,0,6
LSTM,1,VI,5,5,1.0,1.0,1.0,1.0,1.0,1.0,1.0,5,0,0,4
LSTM,2,IV,1,1,1.0,1.0,1.0,1.0,1.0,1.0,1.0,1,0,0,7
LSTM,2,V,3,3,1.0,1.0,1.0,1.0,1.0,1.0,1.0,3,0,0,5
LSTM,2,VI,4,4,1.0,1.0,1.0,1.0,1.0,1.0,1.0,4,0,0,4
LSTM,3,IV,1,1,1.0,0.875,0.9285714285714286,0.5,1.0,0.6666666666666666,1.0,1,0,1,6
LSTM,3,V,3,2,0.6666666666666666,0.75,0.7333333333333334,0.6666666666666666,0.6666666666666666,0.6666666666666666,0.8666666666666667,2,1,1,4
LSTM,3,VI,4,3,0.75,0.875,0.875,1.0,0.75,0.8571428571428571,0.9375,3,1,0,4
LSTM,4,IV,1,1,1.0,1.0,1.0,1.0,1.0,1.0,1.0,1,0,0,7
LSTM,4,V,3,3,1.0,1.0,1.0,1.0,1.0,1.0,1.0,3,0,0,5
LSTM,4,VI,4,4,1.0,1.0,1.0,1.0,1.0,1.0,1.0,4,0,0,4
LSTM,5,IV,1,0,0.0,0.875,0.5,0.0,0.0,0.0,0.7142857142857143,0,1,0,7
LSTM,5,V,3,3,1.0,0.875,0.9,0.75,1.0,0.8571428571428571,1.0,3,0,1,4
LSTM,5,VI,4,4,1.0,1.0,1.0,1.0,1.0,1.0,1.0,4,0,0,4
LSTM,6,IV,1,1,1.0,1.0,1.0,1.0,1.0,1.0,1.0,1,0,0,7
LSTM,6,V,3,3,1.0,1.0,1.0,1.0,1.0,1.0,1.0,3,0,0,5
LSTM,6,VI,4,4,1.0,1.0,1.0,1.0,1.0,1.0,1.0,4,0,0,4
LSTM,7,IV,1,1,1.0,1.0,1.0,1.0,1.0,1.0,1.0,1,0,0,7
LSTM,7,V,2,1,0.5,0.875,0.75,1.0,0.5,0.6666666666666666,1.0,1,1,0,6
LSTM,7,VI,5,5,1.0,0.875,0.8333333333333333,0.8333333333333334,1.0,0.9090909090909092,1.0,5,0,1,2
LSTM,8,IV,1,1,1.0,1.0,1.0,1.0,1.0,1.0,1.0,1,0,0,7
LSTM,8,V,2,2,1.0,1.0,1.0,1.0,1.0,1.0,1.0,2,0,0,6
LSTM,8,VI,5,5,1.0,1.0,1.0,1.0,1.0,1.0,1.0,5,0,0,3
LSTM,9,IV,1,1,1.0,1.0,1.0,1.0,1.0,1.0,1.0,1,0,0,7
LSTM,9,V,2,2,1.0,0.875,0.9166666666666669,0.6666666666666666,1.0,0.8,0.9166666666666669,2,0,1,5
LSTM,9,VI,5,4,0.8,0.875,0.9,1.0,0.8,0.8888888888888888,1.0,4,1,0,3
LSTM,10,IV,0,0,,0.875,,,,,,0,0,1,7
LSTM,10,V,3,1,0.3333333333333333,0.75,0.6666666666666666,1.0,0.3333333333333333,0.5,0.6666666666666666,1,2,0,5
LSTM,10,VI,5,5,1.0,0.875,0.8333333333333333,0.8333333333333334,1.0,0.9090909090909092,1.0,5,0,1,2
MSCNN-LSTM,1,IV,1,0,0.0,0.8888888888888888,0.5,0.0,0.0,0.0,1.0,0,1,0,8
MSCNN-LSTM,1,V,3,3,1.0,0.8888888888888888,0.9166666666666669,0.75,1.0,0.8571428571428571,1.0,3,0,1,5
MSCNN-LSTM,1,VI,5,5,1.0,1.0,1.0,1.0,1.0,1.0,1.0,5,0,0,4
MSCNN-LSTM,2,IV,1,1,1.0,1.0,1.0,1.0,1.0,1.0,1.0,1,0,0,7
MSCNN-LSTM,2,V,3,3,1.0,1.0,1.0,1.0,1.0,1.0,1.0,3,0,0,5
MSCNN-LSTM,2,VI,4,4,1.0,1.0,1.0,1.0,1.0,1.0,1.0,4,0,0,4
MSCNN-LSTM,3,IV,1,1,1.0,1.0,1.0,1.0,1.0,1.0,1.0,1,0,0,7
MSCNN-LSTM,3,V,3,3,1.0,1.0,1.0,1.0,1.0,1.0,1.0,3,0,0,5
MSCNN-LSTM,3,VI,4,4,1.0,1.0,1.0,1.0,1.0,1.0,1.0,4,0,0,4
MSCNN-LSTM,4,IV,1,1,1.0,1.0,1.0,1.0,1.0,1.0,1.0,1,0,0,7
MSCNN-LSTM,4,V,3,3,1.0,1.0,1.0,1.0,1.0,1.0,1.0,3,0,0,5
MSCNN-LSTM,4,VI,4,4,1.0,1.0,1.0,1.0,1.0,1.0,1.0,4,0,0,4
MSCNN-LSTM,5,IV,1,0,0.0,0.875,0.5,0.0,0.0,0.0,0.8571428571428572,0,1,0,7
MSCNN-LSTM,5,V,3,3,1.0,0.875,0.9,0.75,1.0,0.8571428571428571,0.8666666666666667,3,0,1,4
MSCNN-LSTM,5,VI,4,4,1.0,1.0,1.0,1.0,1.0,1.0,1.0,4,0,0,4
MSCNN-LSTM,6,IV,1,1,1.0,1.0,1.0,1.0,1.0,1.0,1.0,1,0,0,7
MSCNN-LSTM,6,V,3,3,1.0,0.875,0.9,0.75,1.0,0.8571428571428571,1.0,3,0,1,4
MSCNN-LSTM,6,VI,4,3,0.75,0.875,0.875,1.0,0.75,0.8571428571428571,0.9375,3,1,0,4
MSCNN-LSTM,7,IV,1,1,1.0,1.0,1.0,1.0,1.0,1.0,1.0,1,0,0,7
MSCNN-LSTM,7,V,2,2,1.0,1.0,1.0,1.0,1.0,1.0,1.0,2,0,0,6
MSCNN-LSTM,7,VI,5,5,1.0,1.0,1.0,1.0,1.0,1.0,1.0,5,0,0,3
MSCNN-LSTM,8,IV,1,1,1.0,1.0,1.0,1.0,1.0,1.0,1.0,1,0,0,7
MSCNN-LSTM,8,V,2,2,1.0,1.0,1.0,1.0,1.0,1.0,1.0,2,0,0,6
MSCNN-LSTM,8,VI,5,5,1.0,1.0,1.0,1.0,1.0,1.0,1.0,5,0,0,3
MSCNN-LSTM,9,IV,1,1,1.0,1.0,1.0,1.0,1.0,1.0,1.0,1,0,0,7
MSCNN-LSTM,9,V,2,2,1.0,0.875,0.9166666666666669,0.6666666666666666,1.0,0.8,1.0,2,0,1,5
MSCNN-LSTM,9,VI,5,4,0.8,0.875,0.9,1.0,0.8,0.8888888888888888,1.0,4,1,0,3
MSCNN-LSTM,10,IV,0,0,,1.0,,,,,,0,0,0,8
MSCNN-LSTM,10,V,3,2,0.6666666666666666,0.875,0.8333333333333333,1.0,0.6666666666666666,0.8,1.0,2,1,0,5
MSCNN-LSTM,10,VI,5,5,1.0,0.875,0.8333333333333333,0.8333333333333334,1.0,0.9090909090909092,1.0,5,0,1,2
CNN-LSTM,1,IV,1,0,0.0,0.8888888888888888,0.5,0.0,0.0,0.0,1.0,0,1,0,8
CNN-LSTM,1,V,3,3,1.0,0.7777777777777778,0.8333333333333333,0.6,1.0,0.75,1.0,3,0,2,4
CNN-LSTM,1,VI,5,4,0.8,0.8888888888888888,0.9,1.0,0.8,0.8888888888888888,0.95,4,1,0,4
CNN-LSTM,2,IV,1,1,1.0,0.875,0.9285714285714286,0.5,1.0,0.6666666666666666,1.0,1,0,1,6
CNN-LSTM,2,V,3,2,0.6666666666666666,0.875,0.8333333333333333,1.0,0.6666666666666666,0.8,1.0,2,1,0,5
CNN-LSTM,2,VI,4,4,1.0,1.0,1.0,1.0,1.0,1.0,1.0,4,0,0,4
CNN-LSTM,3,IV,1,1,1.0,0.875,0.9285714285714286,0.5,1.0,0.6666666666666666,1.0,1,0,1,6
CNN-LSTM,3,V,3,2,0.6666666666666666,0.625,0.6333333333333333,0.5,0.6666666666666666,0.5714285714285714,0.8666666666666667,2,1,2,3
CNN-LSTM,3,VI,4,2,0.5,0.75,0.75,1.0,0.5,0.6666666666666666,0.875,2,2,0,4
CNN-LSTM,4,IV,1,1,1.0,1.0,1.0,1.0,1.0,1.0,1.0,1,0,0,7
CNN-LSTM,4,V,3,3,1.0,1.0,1.0,1.0,1.0,1.0,1.0,3,0,0,5
CNN-LSTM,4,VI,4,4,1.0,1.0,1.0,1.0,1.0,1.0,1.0,4,0,0,4
CNN-LSTM,5,IV,1,0,0.0,0.875,0.5,0.0,0.0,0.0,0.8571428571428572,0,1,0,7
CNN-LSTM,5,V,3,3,1.0,0.875,0.9,0.75,1.0,0.8571428571428571,1.0,3,0,1,4
CNN-LSTM,5,VI,4,4,1.0,1.0,1.0,1.0,1.0,1.0,1.0,4,0,0,4
CNN-LSTM,6,IV,1,1,1.0,1.0,1.0,1.0,1.0,1.0,1.0,1,0,0,7
CNN-LSTM,6,V,3,3,1.0,0.875,0.9,0.75,1.0,0.8571428571428571,1.0,3,0,1,4
CNN-LSTM,6,VI,4,3,0.75,0.875,0.875,1.0,0.75,0.8571428571428571,1.0,3,1,0,4
CNN-LSTM,7,IV,1,1,1.0,1.0,1.0,1.0,1.0,1.0,1.0,1,0,0,7
CNN-LSTM,7,V,2,1,0.5,0.875,0.75,1.0,0.5,0.6666666666666666,1.0,1,1,0,6
CNN-LSTM,7,VI,5,5,1.0,0.875,0.8333333333333333,0.8333333333333334,1.0,0.9090909090909092,1.0,5,0,1,2
CNN-LSTM,8,IV,1,1,1.0,1.0,1.0,1.0,1.0,1.0,1.0,1,0,0,7
CNN-LSTM,8,V,2,2,1.0,1.0,1.0,1.0,1.0,1.0,1.0,2,0,0,6
CNN-LSTM,8,VI,5,5,1.0,1.0,1.0,1.0,1.0,1.0,1.0,5,0,0,3
CNN-LSTM,9,IV,1,1,1.0,1.0,1.0,1.0,1.0,1.0,1.0,1,0,0,7
CNN-LSTM,9,V,2,2,1.0,0.875,0.9166666666666669,0.6666666666666666,1.0,0.8,0.9166666666666669,2,0,1,5
CNN-LSTM,9,VI,5,4,0.8,0.875,0.9,1.0,0.8,0.8888888888888888,0.8666666666666667,4,1,0,3
CNN-LSTM,10,IV,0,0,,1.0,,,,,,0,0,0,8
CNN-LSTM,10,V,3,2,0.6666666666666666,0.875,0.8333333333333333,1.0,0.6666666666666666,0.8,1.0,2,1,0,5
CNN-LSTM,10,VI,5,5,1.0,0.875,0.8333333333333333,0.8333333333333334,1.0,0.9090909090909092,1.0,5,0,1,2
Transformer,1,IV,1,1,1.0,1.0,1.0,1.0,1.0,1.0,1.0,1,0,0,8
Transformer,1,V,3,3,1.0,1.0,1.0,1.0,1.0,1.0,1.0,3,0,0,6
Transformer,1,VI,5,5,1.0,1.0,1.0,1.0,1.0,1.0,1.0,5,0,0,4
Transformer,2,IV,1,1,1.0,0.875,0.9285714285714286,0.5,1.0,0.6666666666666666,1.0,1,0,1,6
Transformer,2,V,3,2,0.6666666666666666,0.875,0.8333333333333333,1.0,0.6666666666666666,0.8,1.0,2,1,0,5
Transformer,2,VI,4,4,1.0,1.0,1.0,1.0,1.0,1.0,1.0,4,0,0,4
Transformer,3,IV,1,0,0.0,0.875,0.5,0.0,0.0,0.0,1.0,0,1,0,7
Transformer,3,V,3,2,0.6666666666666666,0.75,0.7333333333333334,0.6666666666666666,0.6666666666666666,0.6666666666666666,0.8,2,1,1,4
Transformer,3,VI,4,3,0.75,0.625,0.625,0.6,0.75,0.6666666666666666,0.75,3,1,2,2
Transformer,4,IV,1,1,1.0,1.0,1.0,1.0,1.0,1.0,1.0,1,0,0,7
Transformer,4,V,3,3,1.0,1.0,1.0,1.0,1.0,1.0,1.0,3,0,0,5
Transformer,4,VI,4,4,1.0,1.0,1.0,1.0,1.0,1.0,1.0,4,0,0,4
Transformer,5,IV,1,0,0.0,0.875,0.5,0.0,0.0,0.0,0.2857142857142857,0,1,0,7
Transformer,5,V,3,2,0.6666666666666666,0.75,0.7333333333333334,0.6666666666666666,0.6666666666666666,0.6666666666666666,0.7333333333333333,2,1,1,4
Transformer,5,VI,4,4,1.0,0.875,0.875,0.8,1.0,0.8888888888888888,0.9375,4,0,1,3
Transformer,6,IV,1,1,1.0,1.0,1.0,1.0,1.0,1.0,1.0,1,0,0,7
Transformer,6,V,3,3,1.0,1.0,1.0,1.0,1.0,1.0,1.0,3,0,0,5
Transformer,6,VI,4,4,1.0,1.0,1.0,1.0,1.0,1.0,1.0,4,0,0,4
Transformer,7,IV,1,1,1.0,1.0,1.0,1.0,1.0,1.0,1.0,1,0,0,7
Transformer,7,V,2,2,1.0,1.0,1.0,1.0,1.0,1.0,1.0,2,0,0,6
Transformer,7,VI,5,5,1.0,1.0,1.0,1.0,1.0,1.0,1.0,5,0,0,3
Transformer,8,IV,1,0,0.0,0.875,0.5,0.0,0.0,0.0,1.0,0,1,0,7
Transformer,8,V,2,2,1.0,0.875,0.9166666666666669,0.6666666666666666,1.0,0.8,1.0,2,0,1,5
Transformer,8,VI,5,5,1.0,1.0,1.0,1.0,1.0,1.0,1.0,5,0,0,3
Transformer,9,IV,1,1,1.0,1.0,1.0,1.0,1.0,1.0,1.0,1,0,0,7
Transformer,9,V,2,2,1.0,0.875,0.9166666666666669,0.6666666666666666,1.0,0.8,0.9166666666666669,2,0,1,5
Transformer,9,VI,5,4,0.8,0.875,0.9,1.0,0.8,0.8888888888888888,1.0,4,1,0,3
Transformer,10,IV,0,0,,1.0,,,,,,0,0,0,8
Transformer,10,V,3,1,0.3333333333333333,0.75,0.6666666666666666,1.0,0.3333333333333333,0.5,1.0,1,2,0,5
Transformer,10,VI,5,5,1.0,0.75,0.6666666666666666,0.7142857142857143,1.0,0.8333333333333334,1.0,5,0,2,1
