model,fold,n,selected_epoch,selected_inner_loss,accuracy,balanced_accuracy,macro_precision,macro_recall,macro_f1,macro_auc,balanced_accuracy_present_classes
GEL,1,9,39,0.2752197384834289,1.0,1.0,1.0,1.0,1.0,1.0,1.0
GEL,2,8,65,0.0592584647238254,1.0,1.0,1.0,1.0,1.0,1.0,1.0
GEL,3,8,36,0.2318019568920135,1.0,1.0,1.0,1.0,1.0,1.0,1.0
GEL,4,8,74,0.0685612708330154,1.0,1.0,1.0,1.0,1.0,1.0,1.0
GEL,5,8,78,0.5476934909820557,0.875,0.6666666666666666,0.5833333333333334,0.6666666666666666,0.6190476190476191,0.7396825396825397,0.6666666666666666
GEL,6,8,24,0.232483834028244,1.0,1.0,1.0,1.0,1.0,1.0,1.0
GEL,7,8,54,0.1165509894490242,1.0,1.0,1.0,1.0,1.0,1.0,1.0
GEL,8,8,85,0.0585203804075717,1.0,1.0,1.0,1.0,1.0,1.0,1.0
GEL,9,8,46,0.0692354068160057,0.875,0.9333333333333332,0.8888888888888888,0.9333333333333332,0.8962962962962964,1.0,0.9333333333333332
GEL,10,8,79,0.0510167814791202,0.875,,,,,,0.8333333333333333
GEL-without-attention,1,9,58,0.1952028721570968,1.0,1.0,1.0,1.0,1.0,1.0,1.0
GEL-without-attention,2,8,94,0.0422495678067207,1.0,1.0,1.0,1.0,1.0,1.0,1.0
GEL-without-attention,3,8,75,0.1261222064495086,0.875,0.9166666666666666,0.9166666666666666,0.9166666666666666,0.9047619047619048,0.9569444444444444,0.9166666666666666
GEL-without-attention,4,8,52,0.0413698591291904,1.0,1.0,1.0,1.0,1.0,1.0,1.0
GEL-without-attention,5,8,20,0.6152912378311157,0.875,0.6666666666666666,0.5833333333333334,0.6666666666666666,0.6190476190476191,0.8126984126984128,0.6666666666666666
GEL-without-attention,6,8,40,0.1761835664510727,1.0,1.0,1.0,1.0,1.0,1.0,1.0
GEL-without-attention,7,8,73,0.1316027194261551,1.0,1.0,1.0,1.0,1.0,1.0,1.0
GEL-without-attention,8,8,67,0.0383138060569763,1.0,1.0,1.0,1.0,1.0,1.0,1.0
GEL-without-attention,9,8,59,0.1416166275739669,0.875,0.9333333333333332,0.8888888888888888,0.9333333333333332,0.8962962962962964,0.9722222222222224,0.9333333333333332
GEL-without-attention,10,8,79,0.0405698753893375,0.875,,,,,,0.8333333333333333
GEL-without-residual,1,9,72,0.1401426792144775,1.0,1.0,1.0,1.0,1.0,1.0,1.0
GEL-without-residual,2,8,69,0.1274176388978958,0.875,0.8888888888888888,0.9333333333333332,0.8888888888888888,0.8962962962962964,1.0,0.8888888888888888
GEL-without-residual,3,8,78,0.065255269408226,1.0,1.0,1.0,1.0,1.0,1.0,1.0
GEL-without-residual,4,8,52,0.0464633479714393,1.0,1.0,1.0,1.0,1.0,1.0,1.0
GEL-without-residual,5,8,56,0.6197165250778198,0.875,0.6666666666666666,0.5833333333333334,0.6666666666666666,0.6190476190476191,0.8825396825396825,0.6666666666666666
GEL-without-residual,6,8,31,0.2922007143497467,0.875,0.9166666666666666,0.9166666666666666,0.9166666666666666,0.9047619047619048,1.0,0.9166666666666666
GEL-without-residual,7,8,64,0.0570040792226791,1.0,1.0,1.0,1.0,1.0,1.0,1.0
GEL-without-residual,8,8,85,0.0406668074429035,1.0,1.0,1.0,1.0,1.0,1.0,1.0
GEL-without-residual,9,8,41,0.0817104056477546,0.875,0.9333333333333332,0.8888888888888888,0.9333333333333332,0.8962962962962964,1.0,0.9333333333333332
GEL-without-residual,10,8,90,0.0288939476013183,0.875,,,,,,0.8333333333333333
GRU,1,9,56,0.188606709241867,1.0,1.0,1.0,1.0,1.0,1.0,1.0
GRU,2,8,24,0.0680862292647361,1.0,1.0,1.0,1.0,1.0,1.0,1.0
GRU,3,8,60,0.3307381868362427,0.75,0.8055555555555555,0.8055555555555555,0.8055555555555555,0.8055555555555555,0.9569444444444444,0.8055555555555555
GRU,4,8,61,0.0644640177488327,1.0,1.0,1.0,1.0,1.0,1.0,1.0
GRU,5,8,71,0.5790585279464722,0.875,0.6666666666666666,0.5833333333333334,0.6666666666666666,0.6190476190476191,0.8126984126984128,0.6666666666666666
GRU,6,8,37,0.2137128859758377,1.0,1.0,1.0,1.0,1.0,1.0,1.0
GRU,7,8,26,0.1700965464115142,1.0,1.0,1.0,1.0,1.0,1.0,1.0
GRU,8,8,61,0.1130640879273414,1.0,1.0,1.0,1.0,1.0,1.0,1.0
GRU,9,8,55,0.2018336504697799,0.875,0.9333333333333332,0.8888888888888888,0.9333333333333332,0.8962962962962964,0.9722222222222224,0.9333333333333332
GRU,10,8,82,0.0680597126483917,0.75,,,,,,0.6666666666666666
LSTM,1,9,59,0.3807390630245209,1.0,1.0,1.0,1.0,1.0,1.0,1.0
LSTM,2,8,49,0.0881015956401825,1.0,1.0,1.0,1.0,1.0,1.0,1.0
LSTM,3,8,44,0.4290019273757934,0.75,0.8055555555555555,0.7222222222222222,0.8055555555555555,0.7301587301587301,0.9347222222222222,0.8055555555555555
LSTM,4,8,37,0.0891354233026504,1.0,1.0,1.0,1.0,1.0,1.0,1.0
LSTM,5,8,61,0.5211792588233948,0.875,0.6666666666666666,0.5833333333333334,0.6666666666666666,0.6190476190476191,0.9047619047619048,0.6666666666666666
LSTM,6,8,36,0.433332622051239,1.0,1.0,1.0,1.0,1.0,1.0,1.0
LSTM,7,8,35,0.2522192001342773,0.875,0.8333333333333334,0.9444444444444444,0.8333333333333334,0.8585858585858586,1.0,0.8333333333333334
LSTM,8,8,76,0.1044186428189277,1.0,1.0,1.0,1.0,1.0,1.0,1.0
LSTM,9,8,34,0.2576416730880737,0.875,0.9333333333333332,0.8888888888888888,0.9333333333333332,0.8962962962962964,0.9722222222222224,0.9333333333333332
LSTM,10,8,60,0.073807917535305,0.75,,,,,,0.6666666666666666
MSCNN-LSTM,1,9,47,0.3509440422058105,0.8888888888888888,0.6666666666666666,0.5833333333333334,0.6666666666666666,0.6190476190476191,1.0,0.6666666666666666
MSCNN-LSTM,2,8,76,0.1174449250102043,1.0,1.0,1.0,1.0,1.0,1.0,1.0
MSCNN-LSTM,3,8,80,0.2173815220594406,1.0,1.0,1.0,1.0,1.0,1.0,1.0
MSCNN-LSTM,4,8,92,0.1757908314466476,1.0,1.0,1.0,1.0,1.0,1.0,1.0
MSCNN-LSTM,5,8,35,0.4125365912914276,0.875,0.6666666666666666,0.5833333333333334,0.6666666666666666,0.6190476190476191,0.907936507936508,0.6666666666666666
MSCNN-LSTM,6,8,86,0.4086824059486389,0.875,0.9166666666666666,0.9166666666666666,0.9166666666666666,0.9047619047619048,0.9791666666666666,0.9166666666666666
MSCNN-LSTM,7,8,92,0.1974404007196426,1.0,1.0,1.0,1.0,1.0,1.0,1.0
MSCNN-LSTM,8,8,100,0.1100358590483665,1.0,1.0,1.0,1.0,1.0,1.0,1.0
MSCNN-LSTM,9,8,100,0.1867816299200058,0.875,0.9333333333333332,0.8888888888888888,0.9333333333333332,0.8962962962962964,1.0,0.9333333333333332
MSCNN-LSTM,10,8,100,0.1022038757801055,0.875,,,,,,0.8333333333333333
CNN-LSTM,1,9,64,0.5340139269828796,0.7777777777777778,0.6,0.5333333333333333,0.6,0.5462962962962963,0.9833333333333334,0.6
CNN-LSTM,2,8,64,0.1562977284193039,0.875,0.8888888888888888,0.8333333333333334,0.8888888888888888,0.8222222222222223,1.0,0.8888888888888888
CNN-LSTM,3,8,91,0.5128129124641418,0.625,0.7222222222222222,0.6666666666666666,0.7222222222222222,0.6349206349206349,0.9138888888888888,0.7222222222222222
CNN-LSTM,4,8,64,0.2508411109447479,1.0,1.0,1.0,1.0,1.0,1.0,1.0
CNN-LSTM,5,8,72,0.5988680720329285,0.875,0.6666666666666666,0.5833333333333334,0.6666666666666666,0.6190476190476191,0.9523809523809524,0.6666666666666666
CNN-LSTM,6,8,89,0.5847635865211487,0.875,0.9166666666666666,0.9166666666666666,0.9166666666666666,0.9047619047619048,1.0,0.9166666666666666
CNN-LSTM,7,8,58,0.2934874296188354,0.875,0.8333333333333334,0.9444444444444444,0.8333333333333334,0.8585858585858586,1.0,0.8333333333333334
CNN-LSTM,8,8,100,0.100310318171978,1.0,1.0,1.0,1.0,1.0,1.0,1.0
CNN-LSTM,9,8,53,0.4357718527317047,0.875,0.9333333333333332,0.8888888888888888,0.9333333333333332,0.8962962962962964,0.9277777777777776,0.9333333333333332
CNN-LSTM,10,8,80,0.1094034239649772,0.875,,,,,,0.8333333333333333
Transformer,1,9,69,0.557818591594696,1.0,1.0,1.0,1.0,1.0,1.0,1.0
Transformer,2,8,83,0.1580083072185516,0.875,0.8888888888888888,0.8333333333333334,0.8888888888888888,0.8222222222222223,1.0,0.8888888888888888
Transformer,3,8,74,0.5143216848373413,0.625,0.4722222222222221,0.4222222222222222,0.4722222222222221,0.4444444444444444,0.85,0.4722222222222221
Transformer,4,8,95,0.144282728433609,1.0,1.0,1.0,1.0,1.0,1.0,1.0
Transformer,5,8,39,0.7605306506156921,0.75,0.5555555555555555,0.4888888888888889,0.5555555555555555,0.5185185185185185,0.6521825396825397,0.5555555555555555
Transformer,6,8,100,0.398182064294815,1.0,1.0,1.0,1.0,1.0,1.0,1.0
Transformer,7,8,86,0.1477319449186325,1.0,1.0,1.0,1.0,1.0,1.0,1.0
Transformer,8,8,100,0.1649451106786728,0.875,0.6666666666666666,0.5555555555555555,0.6666666666666666,0.6,1.0,0.6666666666666666
Transformer,9,8,79,0.2470622956752777,0.875,0.9333333333333332,0.8888888888888888,0.9333333333333332,0.8962962962962964,0.9722222222222224,0.9333333333333332
Transformer,10,8,94,0.0938422754406929,0.75,,,,,,0.6666666666666666
