model,true_stage,pred_IV,pred_V,pred_VI
GEL,IV,8,1,0
GEL,V,0,26,1
GEL,VI,0,1,44
GEL-without-attention,IV,8,1,0
GEL-without-attention,V,0,26,1
GEL-without-attention,VI,0,2,43
GEL-without-residual,IV,8,1,0
GEL-without-residual,V,0,25,2
GEL-without-residual,VI,0,2,43
GRU,IV,8,1,0
GRU,V,0,24,3
GRU,VI,0,2,43
LSTM,IV,8,1,0
LSTM,V,2,23,2
LSTM,VI,0,2,43
MSCNN-LSTM,IV,7,2,0
MSCNN-LSTM,V,0,26,1
MSCNN-LSTM,VI,0,2,43
CNN-LSTM,IV,7,2,0
CNN-LSTM,V,2,23,2
CNN-LSTM,VI,0,5,40
Transformer,IV,6,2,1
Transformer,V,1,22,4
Transformer,VI,0,2,43
