fold,stage,support,correct,class_accuracy_recall,accuracy,balanced_accuracy,precision,recall,f1,auc,TP,FN,FP,TN
1,IV,1,1,1.0,1.0,1.0,1.0,1.0,1.0,1.0,1,0,0,8
1,V,3,3,1.0,1.0,1.0,1.0,1.0,1.0,1.0,3,0,0,6
1,VI,5,5,1.0,1.0,1.0,1.0,1.0,1.0,1.0,5,0,0,4
2,IV,1,1,1.0,1.0,1.0,1.0,1.0,1.0,1.0,1,0,0,7
2,V,3,3,1.0,1.0,1.0,1.0,1.0,1.0,1.0,3,0,0,5
2,VI,4,4,1.0,1.0,1.0,1.0,1.0,1.0,1.0,4,0,0,4
3,IV,1,1,1.0,1.0,1.0,1.0,1.0,1.0,1.0,1,0,0,7
3,V,3,3,1.0,0.875,0.9,0.75,1.0,0.8571428571428571,0.9333333333333333,3,0,1,4
3,VI,4,3,0.75,0.875,0.875,1.0,0.75,0.8571428571428571,0.9375,3,1,0,4
4,IV,1,1,1.0,1.0,1.0,1.0,1.0,1.0,1.0,1,0,0,7
4,V,3,3,1.0,1.0,1.0,1.0,1.0,1.0,1.0,3,0,0,5
4,VI,4,4,1.0,1.0,1.0,1.0,1.0,1.0,1.0,4,0,0,4
5,IV,1,0,0.0,0.875,0.5,0.0,0.0,0.0,0.5714285714285714,0,1,0,7
5,V,3,3,1.0,0.875,0.9,0.75,1.0,0.8571428571428571,0.8666666666666667,3,0,1,4
5,VI,4,4,1.0,1.0,1.0,1.0,1.0,1.0,1.0,4,0,0,4
6,IV,1,1,1.0,1.0,1.0,1.0,1.0,1.0,1.0,1,0,0,7
6,V,3,3,1.0,1.0,1.0,1.0,1.0,1.0,1.0,3,0,0,5
6,VI,4,4,1.0,1.0,1.0,1.0,1.0,1.0,1.0,4,0,0,4
7,IV,1,1,1.0,1.0,1.0,1.0,1.0,1.0,1.0,1,0,0,7
7,V,2,2,1.0,1.0,1.0,1.0,1.0,1.0,1.0,2,0,0,6
7,VI,5,5,1.0,1.0,1.0,1.0,1.0,1.0,1.0,5,0,0,3
8,IV,1,1,1.0,1.0,1.0,1.0,1.0,1.0,1.0,1,0,0,7
8,V,2,2,1.0,1.0,1.0,1.0,1.0,1.0,1.0,2,0,0,6
8,VI,5,5,1.0,1.0,1.0,1.0,1.0,1.0,1.0,5,0,0,3
9,IV,1,1,1.0,1.0,1.0,1.0,1.0,1.0,1.0,1,0,0,7
9,V,2,2,1.0,0.875,0.9166666666666667,0.6666666666666666,1.0,0.8,0.9166666666666667,2,0,1,5
9,VI,5,4,0.8,0.875,0.9,1.0,0.8,0.8888888888888888,1.0,4,1,0,3
10,IV,0,0,,1.0,,,,,,0,0,0,8
10,V,3,2,0.6666666666666666,0.875,0.8333333333333333,1.0,0.6666666666666666,0.8,0.6666666666666666,2,1,0,5
10,VI,5,5,1.0,0.875,0.8333333333333333,0.8333333333333334,1.0,0.9090909090909091,0.6666666666666667,5,0,1,2
