model,fold,n,accuracy,balanced_accuracy,macro_precision,macro_recall,macro_f1,weighted_precision,weighted_recall,weighted_f1,macro_auc,weighted_auc
GEL-without-attention,1,9,1.000000000000,1.000000000000,1.000000000000,1.000000000000,1.000000000000,1.000000000000,1.000000000000,1.000000000000,1.000000000000,1.000000000000
GEL-without-attention,2,8,1.000000000000,1.000000000000,1.000000000000,1.000000000000,1.000000000000,1.000000000000,1.000000000000,1.000000000000,1.000000000000,1.000000000000
GEL-without-attention,3,8,0.875000000000,0.916666666667,0.916666666667,0.916666666667,0.904761904762,0.906250000000,0.875000000000,0.875000000000,0.956944444444,0.943750000000
GEL-without-attention,4,8,1.000000000000,1.000000000000,1.000000000000,1.000000000000,1.000000000000,1.000000000000,1.000000000000,1.000000000000,1.000000000000,1.000000000000
GEL-without-attention,5,8,0.875000000000,0.666666666667,0.583333333333,0.666666666667,0.619047619048,0.781250000000,0.875000000000,0.821428571429,0.812698412698,0.896428571429
GEL-without-attention,6,8,1.000000000000,1.000000000000,1.000000000000,1.000000000000,1.000000000000,1.000000000000,1.000000000000,1.000000000000,1.000000000000,1.000000000000
GEL-without-attention,7,8,1.000000000000,1.000000000000,1.000000000000,1.000000000000,1.000000000000,1.000000000000,1.000000000000,1.000000000000,1.000000000000,1.000000000000
GEL-without-attention,8,8,1.000000000000,1.000000000000,1.000000000000,1.000000000000,1.000000000000,1.000000000000,1.000000000000,1.000000000000,1.000000000000,1.000000000000
GEL-without-attention,9,8,0.875000000000,0.933333333333,0.888888888889,0.933333333333,0.896296296296,0.916666666667,0.875000000000,0.880555555556,0.972222222222,0.979166666667
GEL-without-attention,10,8,0.875000000000,0.833333333333,0.611111111111,0.555555555556,0.569696969697,0.895833333333,0.875000000000,0.868181818182,0.666666666667,0.666666666667
